{"cameraMode":{"drawMode":0,"name":"Shaded","section":"Shading Mode"},"sceneLighting":true,"audioPlay":false,"sceneViewState":{"m_AlwaysRefresh":false,"showFog":true,"showSkybox":true,"showFlares":true,"showImageEffects":true,"showParticleSystems":true,"showVisualEffectGraphs":true,"m_FxEnabled":true},"in2DMode":false,"pivot":{"x":7.3802490234375,"y":5.6052093505859379,"z":-1.5040265321731568},"rotation":{"x":-0.16061460971832276,"y":0.0689273327589035,"z":-0.011243307031691075,"w":-0.9845507144927979},"size":0.005724648013710976,"orthographic":false}